<?xml version="1.0" encoding="UTF-8"?>
<section name="Workbench">
	<section name="SearchDialog">
		<item key="PREVIOUS_PAGE" value="org.eclipse.search.internal.ui.text.TextSearchPage"/>
	</section>
	<section name="Search">
		<list key="Search.processedPageIds">
			<item value="org.eclipse.rse.internal.files.ui.search.searchPage"/>
			<item value="org.eclipse.search.internal.ui.text.TextSearchPage"/>
			<item value="org.eclipse.cdt.ui.pdomSearchPage"/>
			<item value="org.eclipse.egit.ui.commitSearchPage"/>
			<item value="org.eclipse.jdt.ui.JavaSearchPage"/>
			<item value="org.eclipse.pde.internal.ui.search.SearchPage"/>
		</list>
		<list key="Search.enabledPageIds">
			<item value="org.eclipse.rse.internal.files.ui.search.searchPage"/>
			<item value="org.eclipse.search.internal.ui.text.TextSearchPage"/>
			<item value="org.eclipse.cdt.ui.pdomSearchPage"/>
			<item value="org.eclipse.egit.ui.commitSearchPage"/>
			<item value="org.eclipse.jdt.ui.JavaSearchPage"/>
			<item value="org.eclipse.pde.internal.ui.search.SearchPage"/>
		</list>
	</section>
	<section name="SearchDialog.ScopePart">
		<item key="scope" value="0"/>
	</section>
	<section name="DialogBounds_SearchDialog">
		<item key="DIALOG_X_ORIGIN" value="687"/>
		<item key="DIALOG_Y_ORIGIN" value="235"/>
		<item key="DIALOG_WIDTH" value="562"/>
		<item key="DIALOG_HEIGHT" value="463"/>
		<item key="DIALOG_FONT_NAME" value="1|Segoe UI|9.0|0|WINDOWS|1|-12|0|0|0|400|0|0|0|1|0|0|0|0|Segoe UI"/>
	</section>
	<section name="TextSearchPage">
		<item key="CASE_SENSITIVE" value="false"/>
		<item key="REG_EX_SEARCH" value="false"/>
		<item key="WHOLE_WORD" value="false"/>
		<item key="SEARCH_DERIVED" value="false"/>
		<item key="SEARCH_IN_BINARIES" value="false"/>
		<item key="HISTORY_SIZE" value="1"/>
		<section name="HISTORY0">
			<item key="ignoreCase" value="true"/>
			<item key="isRegExSearch" value="false"/>
			<item key="isWholeWord" value="false"/>
			<item key="textPattern" value="fpga0"/>
			<item key="scope" value="0"/>
			<list key="fileNamePatterns">
				<item value="*"/>
			</list>
			<list key="workingSets">
			</list>
		</section>
		<section name="EXTENSIONS">
			<item key="0" value="*"/>
		</section>
	</section>
	<section name="">
		<item key="org.eclipse.search.resultpage.limit" value="1000"/>
	</section>
	<section name="org.eclipse.search.text.FileSearchResultPage">
		<item key="org.eclipse.search.resultpage.limit" value="1000"/>
	</section>
</section>
