<?xml version="1.0" encoding="UTF-8"?>
<section name="Workbench">
	<item key="Sqrt_Timer_Interrupt_lab2_system-bitFile" value="${project_loc:Sqrt_Timer_Interrupt_lab2}/_ide/bitstream/Lab2_Axi_Int_seq_sqrt_wrapper.bit"/>
	<item key="Sqrt_Timer_Interrupt_lab2_system-bmmFile" value=""/>
	<item key="Sqrt_Timer_Interrupt_lab2_system-target" value="Local"/>
	<item key="Sqrt_Timer_Interrupt_lab2_system-device" value="Auto Detect"/>
	<item key="Sqrt_Timer_Interrupt_lab2_system-partial_bit" value="false"/>
	<item key="Sqrt_Timer_Interrupt_lab2_system-skip_rev_check" value="false"/>
	<item key="programfpga.sdxproject" value="Sqrt_Timer_Interrupt_lab2_system"/>
	<item key="devices_info_Local" value="{&quot;cables&quot;:[{&quot;name&quot;:&quot;Xilinx PYNQ-Z1 003017B78983A&quot;,&quot;indexContextMap&quot;:{&quot;2&quot;:&quot;jsn-Xilinx PYNQ-Z1-003017B78983A-4ba00477-0&quot;,&quot;3&quot;:&quot;jsn-Xilinx PYNQ-Z1-003017B78983A-23727093-0&quot;}}]}"/>
</section>
