<?xml version="1.0" encoding="UTF-8"?>
<section name="Workbench">
	<section name="org.eclipse.ui.texteditor.FindReplaceDialog">
		<item key="selection" value="Prio"/>
		<item key="wrap" value="true"/>
		<item key="casesensitive" value="false"/>
		<item key="wholeword" value="false"/>
		<item key="incremental" value="false"/>
		<item key="isRegEx" value="false"/>
		<list key="findhistory">
			<item value="IRQ_SQRT_ID"/>
			<item value="prio"/>
			<item value="PeripheralInitFunction"/>
			<item value="61"/>
			<item value="fpga0"/>
		</list>
		<list key="replacehistory">
		</list>
	</section>
	<section name="org.eclipse.ui.texteditor.FindReplaceDialog_dialogBounds">
		<item key="DIALOG_X_ORIGIN" value="1154"/>
		<item key="DIALOG_Y_ORIGIN" value="148"/>
		<item key="DIALOG_WIDTH" value="284"/>
		<item key="DIALOG_HEIGHT" value="391"/>
		<item key="DIALOG_FONT_NAME" value="1|Segoe UI|9.0|0|WINDOWS|1|-12|0|0|0|400|0|0|0|1|0|0|0|0|Segoe UI"/>
	</section>
</section>
